{"cameraMode":{"drawMode":0,"name":"Shaded","section":"Shading Mode"},"sceneLighting":false,"audioPlay":false,"sceneViewState":{"showFog":true,"showMaterialUpdate":false,"showSkybox":false,"showFlares":true,"showImageEffects":true,"showParticleSystems":true,"showVisualEffectGraphs":true,"m_FxEnabled":true},"in2DMode":false,"pivot":{"x":0.23196512460708619,"y":0.28506165742874148,"z":0.06709599494934082},"rotation":{"x":-0.19290821254253388,"y":0.2814405858516693,"z":-0.05798675864934921,"w":-0.9382622838020325},"size":1.7440154552459717,"orthographic":true}