{"cameraMode":{"drawMode":0,"name":"Shaded","section":"Shading Mode"},"sceneLighting":false,"audioPlay":false,"sceneViewState":{"showFog":true,"showMaterialUpdate":false,"showSkybox":false,"showFlares":true,"showImageEffects":true,"showParticleSystems":true,"showVisualEffectGraphs":true,"m_FxEnabled":true},"in2DMode":false,"pivot":{"x":527.7172241210938,"y":0.24486589431762696,"z":455.4108581542969},"rotation":{"x":0.035258010029792789,"y":-0.9413908123970032,"z":0.31959426403045657,"w":0.10300488770008087},"size":1.113675594329834,"orthographic":true}