{"cameraMode":{"drawMode":0,"name":"Shaded","section":"Shading Mode"},"sceneLighting":false,"audioPlay":false,"sceneViewState":{"showFog":true,"showMaterialUpdate":false,"showSkybox":false,"showFlares":true,"showImageEffects":true,"showParticleSystems":true,"showVisualEffectGraphs":true,"m_FxEnabled":true},"in2DMode":false,"pivot":{"x":10.820560455322266,"y":0.16779261827468873,"z":-0.10260939598083496},"rotation":{"x":-0.26818782091140749,"y":-0.5272929072380066,"z":0.17992793023586274,"w":-0.7860478758811951},"size":3.321747064590454,"orthographic":true}