{"cameraMode":{"drawMode":0,"name":"Shaded","section":"Shading Mode"},"sceneLighting":false,"audioPlay":false,"sceneViewState":{"showFog":true,"showMaterialUpdate":false,"showSkybox":false,"showFlares":true,"showImageEffects":true,"showParticleSystems":true,"showVisualEffectGraphs":true,"m_FxEnabled":true},"in2DMode":false,"pivot":{"x":-2.279108762741089,"y":-0.2183043658733368,"z":3.8862154483795168},"rotation":{"x":0.004624555818736553,"y":0.9469108581542969,"z":-0.32116976380348208,"w":0.013634849339723587},"size":0.9023320078849793,"orthographic":false}