{"cameraMode":{"drawMode":0,"name":"Shaded","section":"Shading Mode"},"sceneLighting":false,"audioPlay":false,"sceneViewState":{"showFog":true,"showMaterialUpdate":false,"showSkybox":false,"showFlares":true,"showImageEffects":true,"showParticleSystems":true,"showVisualEffectGraphs":true,"m_FxEnabled":true},"in2DMode":false,"pivot":{"x":-0.20812082290649415,"y":0.036121368408203128,"z":-0.22825109958648683},"rotation":{"x":-0.26919761300086977,"y":0.6788695454597473,"z":-0.2970786988735199,"w":-0.615159273147583},"size":2.456923484802246,"orthographic":false}