{"cameraMode":{"drawMode":0,"name":"Shaded","section":"Shading Mode"},"sceneLighting":false,"audioPlay":false,"sceneViewState":{"showFog":true,"showMaterialUpdate":false,"showSkybox":false,"showFlares":true,"showImageEffects":true,"showParticleSystems":true,"showVisualEffectGraphs":true,"m_FxEnabled":true},"in2DMode":false,"pivot":{"x":527.7172241210938,"y":0.25689101219177248,"z":455.4108581542969},"rotation":{"x":0.023622144013643266,"y":-0.9588556885719299,"z":0.2703518867492676,"w":0.08408178389072418},"size":1.8828868865966797,"orthographic":true}