{"cameraMode":{"drawMode":0,"name":"Shaded","section":"Shading Mode"},"sceneLighting":false,"audioPlay":false,"sceneViewState":{"showFog":true,"showMaterialUpdate":false,"showSkybox":false,"showFlares":true,"showImageEffects":true,"showParticleSystems":true,"showVisualEffectGraphs":true,"m_FxEnabled":true},"in2DMode":false,"pivot":{"x":-2.2799999713897707,"y":-0.4399999976158142,"z":4.019999980926514},"rotation":{"x":0.004624555818736553,"y":0.9469108581542969,"z":-0.32116976380348208,"w":0.013634849339723587},"size":1.105667233467102,"orthographic":false}