{"cameraMode":{"drawMode":0,"name":"Shaded","section":"Shading Mode"},"sceneLighting":false,"audioPlay":false,"sceneViewState":{"showFog":true,"showMaterialUpdate":false,"showSkybox":false,"showFlares":true,"showImageEffects":true,"showParticleSystems":true,"showVisualEffectGraphs":true,"m_FxEnabled":true},"in2DMode":false,"pivot":{"x":10.820560455322266,"y":0.16779261827468873,"z":-0.10260939598083496},"rotation":{"x":0.035258010029792789,"y":-0.9413908123970032,"z":0.31959426403045657,"w":0.10300488770008087},"size":3.321747064590454,"orthographic":true}