{"cameraMode":{"drawMode":0,"name":"Shaded","section":"Shading Mode"},"sceneLighting":false,"audioPlay":false,"sceneViewState":{"showFog":true,"showMaterialUpdate":false,"showSkybox":false,"showFlares":true,"showImageEffects":true,"showParticleSystems":true,"showVisualEffectGraphs":true,"m_FxEnabled":true},"in2DMode":false,"pivot":{"x":-1.7527124881744385,"y":-0.25869840383529665,"z":3.8961639404296877},"rotation":{"x":0.004624555818736553,"y":0.9469108581542969,"z":-0.32116976380348208,"w":0.013634849339723587},"size":5.005667686462402,"orthographic":false}